{
"capabilities":
[ 
{ 
"browserName": "Appium-Nexus",
"version":"4.4.2",
"maxInstances": 1,
"platform":"ANDROID",
"deviceName":"emulator-5554"
}],

"configuration":
{ 
"nodeTimeout":120, 
"port":4718, 
"hubPort":4444,
"proxy": "org.openqa.grid.selenium.proxy.DefaultRemoteProxy",
"url":"http://127.0.0.1:4718/wd/hub",
"hub": "127.0.0.1:4444/grid/register",
"hubHost":"127.0.0.1",
"nodePolling":2000, 
"registerCycle":10000,
"register":true,
"cleanUpCycle":2000, 
"timeout":30000, 
"maxSession":1
} 
}