<?xml version="1.0" encoding="UTF-8"?>
<?xml-stylesheet type="text/xsl" href="Result.xsl"?>
<Result name="Result_2014_05_12" TestCase="Testing Myhcl" Date="6/16/2014 12:27 PM" ExecutionTime="231Sec">
<Test>
<Test_Name>Test1</Test_Name>
<Description>Login into myhcl</Description>
<Status>Fail</Status>
<Screenshot>C:\Users\Public\Pictures\Sample Pictures\3.jpg</Screenshot>
</Test>
<Test>
<Test_Name>Test1</Test_Name>
<Description>Login into myhcl</Description>
<Status>Fail</Status>
<Screenshot>C:\Users\Public\Pictures\Sample Pictures\3.jpg</Screenshot>
</Test>
<Test>
<Test_Name>Test1</Test_Name>
<Description>Login into myhcl</Description>
<Status>Pass</Status>
<Screenshot>C:\Users\Public\Pictures\Sample Pictures\3.jpg</Screenshot>
</Test>
</Result>